{
    "_preset"     : "Classic",
    "_author"     : "Danilo Pinheiro",
    "_date"       : "2019-12-05",
    "_updated"    : "2020-04-15",

    "id_000_Base"            : {"type" : "Circle",           "degree" : 1},
    "id_001_Locator"         : {"type" : "Locator",          "degree" : 1},
    "id_002_JointLoc"        : {"type" : "JointLoc",         "degree" : 1},
    "id_003_Global"          : {"type" : "Square",           "degree" : 1},
    "id_004_Master"          : {"type" : "Circle",           "degree" : 3},
    "id_005_Root"            : {"type" : "Circle",           "degree" : 1},
    "id_006_Option"          : {"type" : "Character",        "degree" : 1},
    "id_007_FkLine"          : {"type" : "Circle",           "degree" : 1},
    "id_008_Eyelid"          : {"type" : "Triangle",         "degree" : 1},
    "id_009_EyeBase"         : {"type" : "Cube",             "degree" : 1},
    "id_010_EyeLookAtMain"   : {"type" : "Circle",           "degree" : 3},
    "id_011_EyeLookAt"       : {"type" : "Circle",           "degree" : 3},
    "id_012_EyeIris"         : {"type" : "Circle",           "degree" : 1},
    "id_013_EyePupil"        : {"type" : "Circle",           "degree" : 1},
    "id_014_EyeFk"           : {"type" : "Circle",           "degree" : 1},
    "id_015_FingerMain"      : {"type" : "Clip",             "degree" : 1},
    "id_016_FingerFk"        : {"type" : "Circle",           "degree" : 1},
    "id_017_FingerIk"        : {"type" : "Cube",             "degree" : 1},
    "id_018_FootReverse"     : {"type" : "Dimond",           "degree" : 1},
    "id_019_FootReverseE"    : {"type" : "Circle",           "degree" : 1},
    "id_020_FootFk"          : {"type" : "Circle",           "degree" : 1},
    "id_021_FootMiddle"      : {"type" : "Circle",           "degree" : 3},
    "id_022_HeadNeck"        : {"type" : "Clip",             "degree" : 1},
    "id_023_HeadHead"        : {"type" : "Circle",           "degree" : 3},
    "id_024_HeadJaw"         : {"type" : "Circle",           "degree" : 3},
    "id_025_HeadChin"        : {"type" : "Circle",           "degree" : 3},
    "id_026_HeadChew"        : {"type" : "SquashTop",        "degree" : 3},
    "id_027_HeadLipCorner"   : {"type" : "Square",           "degree" : 3},
    "id_028_Single"          : {"type" : "Circle",           "degree" : 1},
    "id_029_SingleIndSkin"   : {"type" : "Circle",           "degree" : 3},
    "id_030_LimbClavicle"    : {"type" : "Circle",           "degree" : 1},
    "id_031_LimbFk"          : {"type" : "Circle",           "degree" : 1},
    "id_032_LimbToParent"    : {"type" : "Ball",             "degree" : 1},
    "id_033_LimbWrist"       : {"type" : "Cube",             "degree" : 1},
    "id_034_LimbElbow"       : {"type" : "Quadrigram",       "degree" : 3},
    "id_035_LimbKnee"        : {"type" : "CompressedCircle", "degree" : 3},
    "id_036_LimbWorldRef"    : {"type" : "Circle",           "degree" : 1},
    "id_037_LimbForearm"     : {"type" : "Circle",           "degree" : 1},
    "id_038_RibbonBend"      : {"type" : "Circle",           "degree" : 1},
    "id_039_RibbonCorner"    : {"type" : "Plus",             "degree" : 1},
    "id_040_RibbonExtra"     : {"type" : "Square",           "degree" : 1},
    "id_041_SpineHipsA"      : {"type" : "Cube",             "degree" : 1},
    "id_042_SpineHipsB"      : {"type" : "Circle",           "degree" : 1},
    "id_043_SpineMiddle"     : {"type" : "Circle",           "degree" : 3},
    "id_044_SpineChestA"     : {"type" : "Cube",             "degree" : 1},
    "id_045_SpineChestB"     : {"type" : "Circle",           "degree" : 1},
    "id_046_FacialBrow"      : {"type" : "Bean",             "degree" : 3},
    "id_047_FacialEyelid"    : {"type" : "Lens",             "degree" : 3},
    "id_048_FacialMouth"     : {"type" : "Triangle",         "degree" : 1},
    "id_049_FacialLips"      : {"type" : "Dimond",           "degree" : 1},
    "id_050_FacialSneer"     : {"type" : "Crushed",          "degree" : 1},
    "id_051_FacialGrimace"   : {"type" : "Crushed",          "degree" : 1},
    "id_052_FacialFace"      : {"type" : "Smile",            "degree" : 3},
    "id_053_HeadDeformer"    : {"type" : "ArrowFlat",        "degree" : 1},
    "id_054_SingleMain"      : {"type" : "Drop",             "degree" : 3},
    "id_055_SuspensionMain"  : {"type" : "Ball",             "degree" : 3},
    "id_056_SuspensionAB"    : {"type" : "Cube",             "degree" : 1},
    "id_057_SuspensionUpLoc" : {"type" : "Locator",          "degree" : 1},
	"id_058_LimbQuadExtra"   : {"type" : "SpitFlat",         "degree" : 3},
	"id_059_AimLoc"          : {"type" : "Locator",          "degree" : 1},
	"id_060_WheelCenter"     : {"type" : "Ball",             "degree" : 3},
	"id_061_WheelMain"       : {"type" : "Cube",             "degree" : 1},
	"id_062_WheelPivot"      : {"type" : "Dimond",           "degree" : 1},
	"id_063_WheelDeform"     : {"type" : "RoundUp",          "degree" : 3},
	"id_064_WheelMiddle"     : {"type" : "Ellipse",          "degree" : 3},
	"id_065_SteeringWheel"   : {"type" : "Circle",           "degree" : 1},
	"id_066_SteeringMain"    : {"type" : "Cube",             "degree" : 1}
    
}